Produto,Descrição,Fabricante,Preço,Disponibilidade
Impressora 1,portátil e fácil de usar,Lenovo,1328.69,Disponível
Cafeteira 2,de alta performance para uso intenso,Microsoft,2337.65,Disponível
Geladeira 3,resistente e durável,Bosch,2955.09,Disponível
Geladeira 4,resistente e durável,Bosch,2176.37,Disponível
Ventilador 5,de alta performance para uso intenso,Asus,2611.41,Disponível
Smartwatch 6,de alta performance para uso intenso,Apple,4227.01,Disponível
Micro-ondas 7,portátil e fácil de usar,Dell,4849.36,Disponível
Projetor 8,portátil e fácil de usar,Dell,4790.2,Disponível
Smartphone 9,com design moderno e compacto,Brastemp,144.35,Disponível
Fritadeira Elétrica 10,com excelente custo-benefício,Lenovo,2639.86,Disponível
Smartphone 11,ideal para o uso diário,Asus,4707.59,Disponível
Ventilador 12,de última geração com funcionalidades avançadas,Brastemp,1971.64,Disponível
Mouse 13,com sistema de economia de energia,Electrolux,2762.89,Disponível
Impressora 14,de última geração com funcionalidades avançadas,Bosch,1645.97,Disponível
Liquidificador 15,resistente e durável,HP,4492.8,Indisponível
Tablet 16,ideal para o uso diário,Lenovo,2705.12,Disponível
Mouse 17,resistente e durável,Philips,1254.9,Indisponível
Batedeira 18,de última geração com funcionalidades avançadas,Electrolux,2445.57,Disponível
Panela Elétrica 19,com design moderno e compacto,Philips,4945.11,Disponível
Notebook 20,com sistema de economia de energia,Microsoft,2172.16,Indisponível
Monitor 21,portátil e fácil de usar,Asus,671.96,Disponível
Fritadeira Elétrica 22,ideal para o uso diário,Microsoft,3668.82,Disponível
Teclado 23,com suporte a novas tecnologias,HP,389.98,Disponível
Churrasqueira Elétrica 24,de alta performance para uso intenso,HP,4716.8,Disponível
Geladeira 25,com suporte a novas tecnologias,Samsung,4160.62,Indisponível
Smartwatch 26,com design moderno e compacto,Sony,2845.98,Disponível
Ar-condicionado 27,com suporte a novas tecnologias,LG,3928.01,Disponível
Tablet 28,ideal para o uso diário,Asus,3646.1,Disponível
Batedeira 29,de última geração com funcionalidades avançadas,Samsung,4221.87,Disponível
Mouse 30,de alta performance para uso intenso,Lenovo,3650.03,Disponível
Panela Elétrica 31,com suporte a novas tecnologias,Bosch,4476.2,Disponível
Churrasqueira Elétrica 32,com alta qualidade de imagem e som,LG,4049.91,Disponível
Geladeira 33,resistente e durável,Sony,2458.03,Disponível
Impressora 34,de alta performance para uso intenso,Bosch,1461.34,Disponível
Fone de Ouvido 35,com alta qualidade de imagem e som,Bosch,2105.64,Disponível
Ventilador 36,com design moderno e compacto,Brastemp,3640.82,Disponível
Tablet 37,portátil e fácil de usar,LG,2192.1,Disponível
Batedeira 38,de última geração com funcionalidades avançadas,Sony,3713.56,Disponível
Cafeteira 39,portátil e fácil de usar,Electrolux,4389.09,Disponível
Ar-condicionado 40,com sistema de economia de energia,Sony,1237.97,Disponível
Churrasqueira Elétrica 41,com suporte a novas tecnologias,Asus,911.37,Disponível
Geladeira 42,com design moderno e compacto,Bosch,608.94,Disponível
Batedeira 43,de alta performance para uso intenso,Philips,4144.93,Disponível
Máquina de Lavar 44,com design moderno e compacto,Microsoft,4047.66,Disponível
Câmera Digital 45,ideal para o uso diário,Lenovo,3647.09,Disponível
Smartwatch 46,ideal para o uso diário,Philips,2183.54,Indisponível
Batedeira 47,com sistema de economia de energia,LG,1604.73,Indisponível
Tablet 48,de última geração com funcionalidades avançadas,Lenovo,736.91,Disponível
Roteador Wi-Fi 49,portátil e fácil de usar,Electrolux,2626.89,Disponível
Teclado 50,com suporte a novas tecnologias,Apple,1181.75,Disponível
Cafeteira 51,ideal para o uso diário,Brastemp,3588.55,Disponível
Micro-ondas 52,com sistema de economia de energia,Lenovo,1919.85,Disponível
Fritadeira Elétrica 53,ideal para o uso diário,Philips,1055.35,Disponível
Monitor 54,resistente e durável,Bosch,4288.37,Disponível
Televisão 55,ideal para o uso diário,Philips,500.25,Disponível
Notebook 56,com sistema de economia de energia,HP,4475.29,Disponível
Televisão 57,resistente e durável,Sony,1946.58,Disponível
Geladeira 58,ideal para o uso diário,Electrolux,216.39,Disponível
Micro-ondas 59,com excelente custo-benefício,Apple,3182.19,Disponível
Teclado 60,com design moderno e compacto,Microsoft,2021.96,Disponível
Projetor 61,ideal para o uso diário,Sony,3367.99,Disponível
Teclado 62,resistente e durável,Philips,3692.65,Disponível
Micro-ondas 63,portátil e fácil de usar,Lenovo,1271.46,Disponível
Liquidificador 64,com sistema de economia de energia,Microsoft,3271.07,Disponível
Monitor 65,com excelente custo-benefício,Sony,2746.0,Disponível
Micro-ondas 66,com suporte a novas tecnologias,Apple,2935.45,Indisponível
Headset 67,com excelente custo-benefício,Bosch,188.55,Disponível
Monitor 68,de última geração com funcionalidades avançadas,Samsung,1753.26,Disponível
Tablet 69,com sistema de economia de energia,Microsoft,4430.69,Disponível
Panela Elétrica 70,resistente e durável,Electrolux,2137.47,Indisponível
Headset 71,de alta performance para uso intenso,Microsoft,4627.1,Disponível
Televisão 72,resistente e durável,Electrolux,777.58,Disponível
Televisão 73,com alta qualidade de imagem e som,Lenovo,3521.44,Disponível
Máquina de Lavar 74,com suporte a novas tecnologias,LG,4271.83,Disponível
Impressora 75,com sistema de economia de energia,Apple,1359.6,Indisponível
Notebook 76,de alta performance para uso intenso,HP,2358.24,Disponível
Fone de Ouvido 77,com alta qualidade de imagem e som,HP,3586.19,Disponível
Teclado 78,com design moderno e compacto,Bosch,4289.43,Disponível
Ventilador 79,ideal para o uso diário,Brastemp,3806.47,Indisponível
Projetor 80,com suporte a novas tecnologias,LG,1566.18,Disponível
Teclado 81,de alta performance para uso intenso,Bosch,393.14,Indisponível
Notebook 82,de alta performance para uso intenso,LG,4646.95,Disponível
Roteador Wi-Fi 83,com suporte a novas tecnologias,Brastemp,2995.78,Disponível
Smartwatch 84,com sistema de economia de energia,Electrolux,991.54,Disponível
Fone de Ouvido 85,portátil e fácil de usar,Lenovo,118.71,Indisponível
Fritadeira Elétrica 86,resistente e durável,Dell,4815.69,Disponível
Churrasqueira Elétrica 87,ideal para o uso diário,Asus,3144.34,Disponível
Ar-condicionado 88,de última geração com funcionalidades avançadas,Dell,1014.81,Disponível
Batedeira 89,com sistema de economia de energia,Apple,3914.81,Disponível
Mouse 90,com alta qualidade de imagem e som,Brastemp,2101.47,Disponível
Máquina de Lavar 91,de alta performance para uso intenso,LG,1741.14,Disponível
Ventilador 92,com suporte a novas tecnologias,Bosch,3911.47,Disponível
Ventilador 93,com design moderno e compacto,Sony,3685.67,Disponível
Ventilador 94,com sistema de economia de energia,LG,4372.37,Indisponível
Batedeira 95,de última geração com funcionalidades avançadas,HP,2327.61,Disponível
Smartphone 96,com design moderno e compacto,Apple,3678.73,Disponível
Câmera Digital 97,resistente e durável,Sony,140.41,Indisponível
Teclado 98,de alta performance para uso intenso,Brastemp,1342.62,Disponível
Smartphone 99,com excelente custo-benefício,Samsung,4254.86,Disponível
Projetor 100,com design moderno e compacto,Samsung,3285.93,Disponível
